year,AQI_x,AQI_y,AQI,year,AQI_Category
2013,165.72770945443824,162.45346441502073,182.32404986424822,2013,Unhealthy
2014,173.88680880891644,170.84300602876087,213.1058880597048,2014,Very Unhealthy
2015,178.46465779988276,160.13272666116328,174.75306705310348,2015,Unhealthy
2016,169.03438551728527,148.02272533275948,179.72635981033662,2016,Unhealthy
2017,176.0252532460609,144.0290668430309,170.52863820792462,2017,Unhealthy
